"developer_name","avg_ticket_in_cr"
"PURAVANKARA","37.3395200408475874"
"L&T REALTY","37.0752540869344823"
"GODREJ","37.3493955555555556"
"BRIGADE","37.1433562428407789"
"SOBHA","37.2561365116581998"
"TATA HOUSING","37.3870118648439515"
"TOTAL ENVIRONMENT","37.1295766256813284"
"EMBASSY","37.3378380794279147"
"RMZ","37.7365862732520847"
"PRESTIGE","36.6877102686417273"
"SNN RAJ","37.0692304800100263"
